{
    "meta": {
      "slug": "forense-apps40",
      "title": "Clase 40 – Interpretación contextual de conversaciones",
      "subject": "ANÁLISIS FORENSE DE APPS DE COMUNICACIÓN",
      "unit": 3,
      "classNo": 40,
      "description": "Análisis del contexto literal, semántico y situacional en conversaciones digitales para interpretar intenciones, ambigüedades y elementos implícitos.",
      "tags": [
        "contexto conversacional",
        "significado literal",
        "significado contextual",
        "pragmática",
        "análisis forense de chats"
      ]
    },
    "Questions": [
      {
        "Category": "importancia-contexto",
        "Question Text": {
          "en-US": [
            "Why is contextual interpretation of conversations considered essential in digital forensic analysis according to the class?"
          ],
          "es-MX": [
            "¿Por qué la interpretación contextual de las conversaciones se considera esencial en el análisis forense digital según la clase?"
          ]
        },
        "Options": {
          "en-US": [
            "Because without context, isolated phrases can be misunderstood, leading to wrong conclusions about intentions, emotions and events",
            "Because context allows the examiner to freely invent meanings that are not supported by any data",
            "Because it eliminates the need to review timestamps, locations or previous messages",
            "Because modern messaging apps already interpret the context automatically and store the final meaning in the database"
          ],
          "es-MX": [
            "Porque sin contexto, las frases aisladas pueden malinterpretarse y llevar a conclusiones erróneas sobre intenciones, emociones y eventos",
            "Porque el contexto permite que el perito invente libremente significados que no están respaldados por ningún dato",
            "Porque elimina la necesidad de revisar timestamps, ubicaciones o mensajes anteriores",
            "Porque las apps modernas ya interpretan el contexto automáticamente y guardan el significado final en la base de datos"
          ]
        },
        "Correct Answer": {
          "en-US": "Because without context, isolated phrases can be misunderstood, leading to wrong conclusions about intentions, emotions and events",
          "es-MX": "Porque sin contexto, las frases aisladas pueden malinterpretarse y llevar a conclusiones erróneas sobre intenciones, emociones y eventos"
        },
        "Explanation": [
          {
            "type": "p",
            "content": {
              "en-US": "The class highlights that the same text can mean very different things depending on the emotional climate, previous messages and surrounding events, so context prevents serious misinterpretations.",
              "es-MX": "La clase destaca que el mismo texto puede significar cosas muy distintas según el clima emocional, los mensajes previos y los eventos alrededor, por lo que el contexto evita malinterpretaciones graves."
            }
          }
        ]
      },
      {
        "Category": "niveles-interpretacion",
        "Question Text": {
          "en-US": [
            "Which list correctly matches the four levels of interpretation mentioned in the class?"
          ],
          "es-MX": [
            "¿Qué lista coincide correctamente con los cuatro niveles de interpretación mencionados en la clase?"
          ]
        },
        "Options": {
          "en-US": [
            "Literal, semantic, pragmatic and conversational",
            "Legal, economic, political and psychological",
            "Hardware, software, network and cloud",
            "Hash-based, timestamp-based, GPS-based and emoji-based"
          ],
          "es-MX": [
            "Literal, semántico, pragmático y conversacional",
            "Legal, económico, político y psicológico",
            "Hardware, software, red y nube",
            "Basado en hash, basado en timestamp, basado en GPS y basado en emojis"
          ]
        },
        "Correct Answer": {
          "en-US": "Literal, semantic, pragmatic and conversational",
          "es-MX": "Literal, semántico, pragmático y conversacional"
        },
        "Explanation": [
          {
            "type": "ul",
            "items": {
              "en-US": [
                "Literal: direct text meaning.",
                "Semantic: implied intention or deeper meaning.",
                "Pragmatic: situational factors (time, place, presence of others).",
                "Conversational: whole thread dynamics and sequence."
              ],
              "es-MX": [
                "Literal: significado directo del texto.",
                "Semántico: intención implícita o significado más profundo.",
                "Pragmático: factores situacionales (hora, lugar, presencia de terceros).",
                "Conversacional: dinámica completa del hilo y secuencia."
              ]
            }
          }
        ]
      },
      {
        "Category": "nivel-literal",
        "Question Text": {
          "en-US": [
            "Which option BEST describes the literal level of interpretation in chat analysis?"
          ],
          "es-MX": [
            "¿Qué opción describe MEJOR el nivel literal de interpretación en el análisis de chats?"
          ]
        },
        "Options": {
          "en-US": [
            "It focuses on the direct text of the message, without inferring emotions, intentions or situational context",
            "It ignores the text entirely and only considers GPS, hashes and system logs",
            "It assumes that every message is sarcastic and must be interpreted in the opposite way",
            "It replaces the original words with what the examiner believes the user actually wanted to say"
          ],
          "es-MX": [
            "Se centra en el texto directo del mensaje, sin inferir emociones, intenciones ni contexto situacional",
            "Ignora por completo el texto y solo considera GPS, hashes y logs del sistema",
            "Asume que todo mensaje es sarcástico y debe interpretarse al revés",
            "Sustituye las palabras originales por lo que el perito cree que el usuario quería decir"
          ]
        },
        "Correct Answer": {
          "en-US": "It focuses on the direct text of the message, without inferring emotions, intentions or situational context",
          "es-MX": "Se centra en el texto directo del mensaje, sin inferir emociones, intenciones ni contexto situacional"
        },
        "Explanation": [
          {
            "type": "p",
            "content": {
              "en-US": "The literal level is the starting point: reading exactly what is written before moving to deeper semantic or pragmatic analysis.",
              "es-MX": "El nivel literal es el punto de partida: leer exactamente lo que está escrito antes de pasar a un análisis semántico o pragmático más profundo."
            }
          }
        ]
      },
      {
        "Category": "nivel-semantico",
        "Question Text": {
          "en-US": [
            "In the class, when a message like “We’ll talk later” could actually mean “I don’t want to talk now” or “I’m upset”, which interpretive level is being illustrated?"
          ],
          "es-MX": [
            "En la clase, cuando un mensaje como “Hablamos luego” puede en realidad significar “No quiero hablar ahora” o “Estoy molesto”, ¿qué nivel de interpretación se está ilustrando?"
          ]
        },
        "Options": {
          "en-US": [
            "Semantic level, which explores the real intention behind the words beyond the literal phrase",
            "Literal level, which reads only the surface text without any interpretation",
            "Hardware level, which focuses on the physical device used for sending the message",
            "Hash level, which checks the integrity of the database"
          ],
          "es-MX": [
            "Nivel semántico, que explora la intención real detrás de las palabras más allá de la frase literal",
            "Nivel literal, que solo lee el texto superficial sin interpretación",
            "Nivel de hardware, que se centra en el dispositivo físico desde el que se envió el mensaje",
            "Nivel de hash, que verifica la integridad de la base de datos"
          ]
        },
        "Correct Answer": {
          "en-US": "Semantic level, which explores the real intention behind the words beyond the literal phrase",
          "es-MX": "Nivel semántico, que explora la intención real detrás de las palabras más allá de la frase literal"
        },
        "Explanation": [
          {
            "type": "ul",
            "items": {
              "en-US": [
                "Semantic analysis asks: “What does this phrase really mean in this relationship?”",
                "It considers tone, history and emotional state, not just text.",
                "It is critical when phrases are short, vague or culturally loaded."
              ],
              "es-MX": [
                "El análisis semántico pregunta: “¿Qué significa realmente esta frase en esta relación?”",
                "Considera tono, historial y estado emocional, no solo el texto.",
                "Es clave cuando las frases son cortas, vagas o cargadas culturalmente."
              ]
            }
          }
        ]
      },
      {
        "Category": "nivel-pragmatico",
        "Question Text": {
          "en-US": [
            "Which situation BEST illustrates the pragmatic level of interpretation described in the class?"
          ],
          "es-MX": [
            "¿Qué situación ilustra MEJOR el nivel pragmático de interpretación descrito en la clase?"
          ]
        },
        "Options": {
          "en-US": [
            "The same message “See you there” being interpreted differently if it was sent at 9:00 am from work, at 1:00 am from a bar or during a heated argument",
            "Comparing the hash of the database before and after exporting it to Excel",
            "Checking if the phone battery was above 50% when the message was sent",
            "Assuming that every message always has exactly the same meaning, regardless of time or place"
          ],
          "es-MX": [
            "El mismo mensaje “Ahí nos vemos” interpretado de forma distinta si se envía a las 9:00 am desde el trabajo, a la 1:00 am desde un bar o durante una discusión fuerte",
            "Comparar el hash de la base de datos antes y después de exportarla a Excel",
            "Verificar si la batería del teléfono estaba por encima del 50% cuando se envió el mensaje",
            "Asumir que todo mensaje siempre tiene exactamente el mismo significado, sin importar la hora o el lugar"
          ]
        },
        "Correct Answer": {
          "en-US": "The same message “See you there” being interpreted differently if it was sent at 9:00 am from work, at 1:00 am from a bar or during a heated argument",
          "es-MX": "El mismo mensaje “Ahí nos vemos” interpretado de forma distinta si se envía a las 9:00 am desde el trabajo, a la 1:00 am desde un bar o durante una discusión fuerte"
        },
        "Explanation": [
          {
            "type": "p",
            "content": {
              "en-US": "The pragmatic level incorporates time, place, situation and presence of others to understand what the same phrase means in different contexts.",
              "es-MX": "El nivel pragmático incorpora hora, lugar, situación y presencia de terceros para entender qué significa la misma frase en contextos distintos."
            }
          }
        ]
      },
      {
        "Category": "nivel-conversacional",
        "Question Text": {
          "en-US": [
            "In the class, what is the main focus of the conversational level of analysis?"
          ],
          "es-MX": [
            "En la clase, ¿cuál es el enfoque principal del nivel conversacional de análisis?"
          ]
        },
        "Options": {
          "en-US": [
            "Studying the entire thread: topic evolution, tension, response times, interruptions and changes of tone across many messages",
            "Only checking if each message has a valid timestamp and a sender ID",
            "Verifying whether the phone was online or offline when a single message was sent",
            "Counting how many emojis the user has installed on their keyboard"
          ],
          "es-MX": [
            "Estudiar todo el hilo: evolución del tema, tensión, tiempos de respuesta, interrupciones y cambios de tono a lo largo de muchos mensajes",
            "Solo comprobar si cada mensaje tiene un timestamp válido y un ID de remitente",
            "Verificar si el teléfono estaba en línea o fuera de línea cuando se envió un único mensaje",
            "Contar cuántos emojis tiene instalados el usuario en su teclado"
          ]
        },
        "Correct Answer": {
          "en-US": "Studying the entire thread: topic evolution, tension, response times, interruptions and changes of tone across many messages",
          "es-MX": "Estudiar todo el hilo: evolución del tema, tensión, tiempos de respuesta, interrupciones y cambios de tono a lo largo de muchos mensajes"
        },
        "Explanation": [
          {
            "type": "ul",
            "items": {
              "en-US": [
                "The conversational level treats the chat as a sequence, not isolated messages.",
                "It looks for escalation, de-escalation, sudden silence or topic shifts.",
                "This helps understand the real narrative behind the conversation."
              ],
              "es-MX": [
                "El nivel conversacional trata el chat como una secuencia, no como mensajes aislados.",
                "Busca escaladas, desescaladas, silencios repentinos o cambios de tema.",
                "Esto ayuda a entender la narrativa real detrás de la conversación."
              ]
            }
          }
        ]
      },
      {
        "Category": "cambios-tono",
        "Question Text": {
          "en-US": [
            "According to the class, which combination of elements is MOST useful to detect changes of tone in a conversation?"
          ],
          "es-MX": [
            "Según la clase, ¿qué combinación de elementos es MÁS útil para detectar cambios de tono en una conversación?"
          ]
        },
        "Options": {
          "en-US": [
            "Message length, frequency, use of emojis and sudden shifts between formal and informal style",
            "Only the file size of the database and the device’s battery percentage",
            "The brand of the phone and the color of the chat background",
            "Just the number of contacts stored in the phone, without reading any messages"
          ],
          "es-MX": [
            "Longitud de los mensajes, frecuencia, uso de emojis y cambios bruscos entre estilo formal e informal",
            "Solo el tamaño del archivo de la base de datos y el porcentaje de batería del dispositivo",
            "La marca del teléfono y el color del fondo del chat",
            "Solo la cantidad de contactos guardados en el teléfono, sin leer ningún mensaje"
          ]
        },
        "Correct Answer": {
          "en-US": "Message length, frequency, use of emojis and sudden shifts between formal and informal style",
          "es-MX": "Longitud de los mensajes, frecuencia, uso de emojis y cambios bruscos entre estilo formal e informal"
        },
        "Explanation": [
          {
            "type": "ul",
            "items": {
              "en-US": [
                "Short, dry messages after a long discussion can signal anger or distance.",
                "A change from long texts to one-letter replies (e.g., “K”) is meaningful.",
                "Emojis and punctuation also reflect emotional state."
              ],
              "es-MX": [
                "Mensajes cortos y secos tras un intercambio largo pueden indicar enojo o distancia.",
                "Un cambio de textos largos a respuestas de una letra (por ejemplo, “K”) es significativo.",
                "Los emojis y la puntuación también reflejan estado emocional."
              ]
            }
          }
        ]
      },
      {
        "Category": "secuencia-temporal",
        "Question Text": {
          "en-US": [
            "Why does the class insist on reviewing messages BEFORE and AFTER an ambiguous phrase when interpreting context?"
          ],
          "es-MX": [
            "¿Por qué la clase insiste en revisar los mensajes ANTERIORES y POSTERIORES a una frase ambigua al interpretar el contexto?"
          ]
        },
        "Options": {
          "en-US": [
            "Because the surrounding sequence often clarifies whether the phrase expresses anger, agreement, resignation or simple logistics",
            "Because the messages around it are always irrelevant and can be deleted",
            "Because the ambiguous phrase should be interpreted completely isolated to avoid bias",
            "Because only the first message of the conversation matters in forensic analysis"
          ],
          "es-MX": [
            "Porque la secuencia alrededor suele aclarar si la frase expresa enojo, acuerdo, resignación o simple logística",
            "Porque los mensajes alrededor siempre son irrelevantes y se pueden borrar",
            "Porque la frase ambigua debe interpretarse totalmente aislada para evitar sesgos",
            "Porque solo importa el primer mensaje de la conversación en el análisis forense"
          ]
        },
        "Correct Answer": {
          "en-US": "Because the surrounding sequence often clarifies whether the phrase expresses anger, agreement, resignation or simple logistics",
          "es-MX": "Porque la secuencia alrededor suele aclarar si la frase expresa enojo, acuerdo, resignación o simple logística"
        },
        "Explanation": [
          {
            "type": "p",
            "content": {
              "en-US": "Context is temporal: what was said just before and just after can completely change how an ambiguous phrase should be understood.",
              "es-MX": "El contexto es temporal: lo dicho justo antes y justo después puede cambiar por completo cómo debe entenderse una frase ambigua."
            }
          }
        ]
      },
      {
        "Category": "ejemplo-haz-lo-que-quieras",
        "Question Text": {
          "en-US": [
            "In the example “Do whatever you want”, what does the class emphasize about its interpretation in a forensic context?"
          ],
          "es-MX": [
            "En el ejemplo de “Haz lo que quieras”, ¿qué enfatiza la clase sobre su interpretación en un contexto forense?"
          ]
        },
        "Options": {
          "en-US": [
            "That it may NOT reflect genuine permission, but rather anger, indifference or resignation depending on the previous discussion and tone",
            "That it always means full, happy and unconditional agreement, regardless of context",
            "That it is legally irrelevant and should never be considered in any report",
            "That the examiner must assign a single fixed meaning without reviewing other messages"
          ],
          "es-MX": [
            "Que puede NO reflejar un permiso genuino, sino enojo, indiferencia o resignación según la discusión previa y el tono",
            "Que siempre significa un acuerdo pleno, alegre e incondicional, sin importar el contexto",
            "Que es legalmente irrelevante y nunca debe considerarse en ningún informe",
            "Que el perito debe asignarle un único significado fijo sin revisar otros mensajes"
          ]
        },
        "Correct Answer": {
          "en-US": "That it may NOT reflect genuine permission, but rather anger, indifference or resignation depending on the previous discussion and tone",
          "es-MX": "Que puede NO reflejar un permiso genuino, sino enojo, indiferencia o resignación según la discusión previa y el tono"
        },
        "Explanation": [
          {
            "type": "ul",
            "items": {
              "en-US": [
                "Certain phrases are culturally known to carry emotional load.",
                "They must be read in light of conflict, silence or escalation.",
                "Literal reading alone can be highly misleading."
              ],
              "es-MX": [
                "Algunas frases son culturalmente conocidas por tener carga emocional.",
                "Deben leerse a la luz de conflicto, silencio o escalada.",
                "La lectura solo literal puede ser muy engañosa."
              ]
            }
          }
        ]
      },
      {
        "Category": "correlacion-multimedia",
        "Question Text": {
          "en-US": [
            "How can multimedia (photos, videos, audios) help clarify the context of an ambiguous conversation according to the class?"
          ],
          "es-MX": [
            "Según la clase, ¿cómo puede la multimedia (fotos, videos, audios) ayudar a aclarar el contexto de una conversación ambigua?"
          ]
        },
        "Options": {
          "en-US": [
            "By providing visual or audio evidence, timestamps and sometimes GPS that can be correlated with the text to understand what was really happening around the messages",
            "By replacing the need to analyze any messages, since only images and videos matter",
            "By automatically translating all ambiguous messages into a single clear meaning",
            "By deleting confusing parts of the chat so that only the multimedia remains"
          ],
          "es-MX": [
            "Aportando evidencia visual o de audio, timestamps y a veces GPS que pueden correlacionarse con el texto para entender qué ocurría realmente alrededor de los mensajes",
            "Reemplazando la necesidad de analizar los mensajes, ya que solo importan las imágenes y videos",
            "Traduciendo automáticamente todos los mensajes ambiguos a un único significado claro",
            "Borrando partes confusas del chat para que solo permanezca la multimedia"
          ]
        },
        "Correct Answer": {
          "en-US": "By providing visual or audio evidence, timestamps and sometimes GPS that can be correlated with the text to understand what was really happening around the messages",
          "es-MX": "Aportando evidencia visual o de audio, timestamps y a veces GPS que pueden correlacionarse con el texto para entender qué ocurría realmente alrededor de los mensajes"
        },
        "Explanation": [
          {
            "type": "p",
            "content": {
              "en-US": "The class underlines that photos, videos and audios, combined with EXIF and timeline, help reconstruct the real scene and disambiguate the meaning of the chat.",
              "es-MX": "La clase subraya que fotos, videos y audios, combinados con EXIF y línea de tiempo, ayudan a reconstruir la escena real y desambiguar el significado del chat."
            }
          }
        ]
      },
      {
        "Category": "metodo-estructurado",
        "Question Text": {
          "en-US": [
            "Which option BEST summarizes the structured method proposed in the class for analyzing an ambiguous conversation?"
          ],
          "es-MX": [
            "¿Qué opción resume MEJOR el método estructurado propuesto en la clase para analizar una conversación ambigua?"
          ]
        },
        "Options": {
          "en-US": [
            "Identify the main topic, review previous and later events, check time and location, detect abrupt changes and correlate with other apps or evidence",
            "Focus only on the most recent message and ignore the rest of the conversation to avoid confusion",
            "Delete all messages that seem emotional and keep only those with numbers or addresses",
            "Translate all messages automatically and assume that the translation always reflects the original intention"
          ],
          "es-MX": [
            "Identificar el tema central, revisar eventos previos y posteriores, verificar hora y ubicación, detectar cambios bruscos y correlacionar con otras apps o evidencia",
            "Centrarse solo en el mensaje más reciente e ignorar el resto de la conversación para evitar confusiones",
            "Borrar todos los mensajes que parezcan emocionales y conservar solo los que tienen números o direcciones",
            "Traducir automáticamente todos los mensajes y asumir que la traducción refleja siempre la intención original"
          ]
        },
        "Correct Answer": {
          "en-US": "Identify the main topic, review previous and later events, check time and location, detect abrupt changes and correlate with other apps or evidence",
          "es-MX": "Identificar el tema central, revisar eventos previos y posteriores, verificar hora y ubicación, detectar cambios bruscos y correlacionar con otras apps o evidencia"
        },
        "Explanation": [
          {
            "type": "ul",
            "items": {
              "en-US": [
                "The method forces a systematic, not intuitive, reading.",
                "It reduces bias by checking timeline, place and related artifacts.",
                "It turns subjective impressions into a documented, reproducible process."
              ],
              "es-MX": [
                "El método obliga a una lectura sistemática, no intuitiva.",
                "Reduce sesgos al revisar línea de tiempo, lugar y artefactos relacionados.",
                "Convierte impresiones subjetivas en un proceso documentado y reproducible."
              ]
            }
          }
        ]
      },
      {
        "Category": "riesgos-mala-interpretacion",
        "Question Text": {
          "en-US": [
            "Which risk is highlighted in the class if the examiner interprets messages ONLY from the literal level and ignores semantic and situational context?"
          ],
          "es-MX": [
            "¿Qué riesgo se destaca en la clase si el perito interpreta los mensajes SOLO desde el nivel literal e ignora el contexto semántico y situacional?"
          ]
        },
        "Options": {
          "en-US": [
            "Reaching incorrect conclusions about intentions and relationships, which can negatively affect legal decisions and the credibility of the forensic report",
            "Automatically increasing the reliability of the analysis because literal reading is always the safest",
            "Eliminating any need for explanation in the report, since literal text speaks for itself",
            "Ensuring that all participants in the case agree with the interpretation without question"
          ],
          "es-MX": [
            "Llegar a conclusiones incorrectas sobre intenciones y relaciones, lo que puede afectar negativamente decisiones legales y la credibilidad del informe pericial",
            "Aumentar automáticamente la fiabilidad del análisis porque la lectura literal siempre es la más segura",
            "Eliminar la necesidad de explicación en el informe, ya que el texto literal se explica solo",
            "Asegurar que todos los participantes del caso estén de acuerdo con la interpretación sin cuestionarla"
          ]
        },
        "Correct Answer": {
          "en-US": "Reaching incorrect conclusions about intentions and relationships, which can negatively affect legal decisions and the credibility of the forensic report",
          "es-MX": "Llegar a conclusiones incorrectas sobre intenciones y relaciones, lo que puede afectar negativamente decisiones legales y la credibilidad del informe pericial"
        },
        "Explanation": [
          {
            "type": "p",
            "content": {
              "en-US": "The class warns that ignoring context can distort the meaning of critical messages, putting at risk both the fairness of the process and the trust in the expert’s work.",
              "es-MX": "La clase advierte que ignorar el contexto puede distorsionar el sentido de mensajes críticos, poniendo en riesgo tanto la equidad del proceso como la confianza en el trabajo del perito."
            }
          }
        ]
      }
    ]
  }
  