{
    "meta": {
      "slug": "forense-apps6",
      "title": "U1C6 · Importancia y desafíos del análisis forense en aplicaciones de comunicación",
      "subject": "ANÁLISIS FORENSE DE APPS DE COMUNICACIÓN",
      "unit": 1,
      "classNo": 6,
      "description": "Clase 6: importancia, retos técnicos, éticos y legales del análisis forense en aplicaciones de mensajería.",
      "tags": ["informática forense", "mensajería", "cifrado", "ética digital", "evidencia digital"],
      "questionCount": 14
    },
  
    "Questions": [
      {
        "Category": "Importancia",
        "Question Text": {
          "en-US": [
            "Why is forensic analysis considered essential in communication and messaging applications?"
          ],
          "es-MX": [
            "¿Por qué el análisis forense es considerado esencial en las aplicaciones de comunicación y mensajería?"
          ]
        },
        "Options": {
          "en-US": [
            "Because it helps delete evidence quickly.",
            "Because these apps hold evidence relevant to digital crimes, fraud, harassment, and data leaks.",
            "Because it replaces legal procedures entirely.",
            "Because messaging apps do not keep any relevant evidence."
          ],
          "es-MX": [
            "Porque ayuda a eliminar evidencia rápidamente.",
            "Porque estas apps almacenan evidencia relevante para delitos digitales, fraudes, acoso y filtraciones de información.",
            "Porque reemplaza por completo los procedimientos legales.",
            "Porque las apps de mensajería no conservan evidencia relevante."
          ]
        },
        "Correct Answer": {
          "en-US": "Because these apps hold evidence relevant to digital crimes, fraud, harassment, and data leaks.",
          "es-MX": "Porque estas apps almacenan evidencia relevante para delitos digitales, fraudes, acoso y filtraciones de información."
        },
        "Explanation": {
          "en-US": [
            {
              "type": "text",
              "content": "Messaging applications like WhatsApp, Telegram, Signal, and Instagram contain conversations, media, metadata, and traces of user behavior. These elements frequently become key evidence in cases involving cybercrimes, fraud, harassment, data leaks, and legal disputes. Their forensic analysis allows investigators to identify involved devices, reconstruct events, validate authenticity, and recover deleted content."
            }
          ],
          "es-MX": [
            {
              "type": "text",
              "content": "Las aplicaciones de mensajería como WhatsApp, Telegram, Signal o Instagram almacenan conversaciones, archivos, metadatos y rastros del comportamiento del usuario. Estos elementos suelen convertirse en evidencia clave en delitos informáticos, fraudes, acoso, filtraciones y disputas legales. Su análisis forense permite identificar dispositivos involucrados, reconstruir eventos, validar autenticidad y recuperar contenido eliminado."
            }
          ]
        }
      },
  
      {
        "Category": "Identificación de evidencia",
        "Question Text": {
          "en-US": [
            "What is one key outcome of forensic analysis in messaging applications?"
          ],
          "es-MX": [
            "¿Cuál es uno de los resultados clave del análisis forense en aplicaciones de mensajería?"
          ]
        },
        "Options": {
          "en-US": [
            "Identifying authors, devices, or accounts involved in an incident.",
            "Randomly modifying messages.",
            "Generating new chats automatically.",
            "Creating fake device logs."
          ],
          "es-MX": [
            "Identificar autores, dispositivos o cuentas involucradas en un incidente.",
            "Modificar mensajes aleatoriamente.",
            "Generar chats nuevos automáticamente.",
            "Crear registros falsos de dispositivos."
          ]
        },
        "Correct Answer": {
          "en-US": "Identifying authors, devices, or accounts involved in an incident.",
          "es-MX": "Identificar autores, dispositivos o cuentas involucradas en un incidente."
        },
        "Explanation": {
          "en-US": [
            {
              "type": "text",
              "content": "Through device extraction, metadata inspection, and communication pattern analysis, forensic specialists can link messages or actions to specific users, phone numbers, IP addresses, or devices. This allows investigators to determine who participated in an incident and how the communication occurred."
            }
          ],
          "es-MX": [
            {
              "type": "text",
              "content": "Mediante la extracción del dispositivo, el análisis de metadatos y el estudio de patrones de comunicación, los especialistas pueden vincular mensajes o acciones con usuarios, números telefónicos, direcciones IP o dispositivos específicos. Esto permite identificar quién participó en un incidente y cómo se realizó la comunicación."
            }
          ]
        }
      },
  
      {
        "Category": "Recuperación de evidencia",
        "Question Text": {
          "en-US": [
            "Which scenario best represents evidence recovery in messaging apps?"
          ],
          "es-MX": [
            "¿Cuál escenario representa mejor la recuperación de evidencia en apps de mensajería?"
          ]
        },
        "Options": {
          "en-US": [
            "Extracting deleted messages from internal databases.",
            "Creating new encrypted chats.",
            "Deleting user accounts permanently.",
            "Changing app configurations remotely."
          ],
          "es-MX": [
            "Extraer mensajes eliminados desde bases de datos internas.",
            "Crear nuevos chats encriptados.",
            "Eliminar cuentas de usuario permanentemente.",
            "Cambiar configuraciones de la app de manera remota."
          ]
        },
        "Correct Answer": {
          "en-US": "Extracting deleted messages from internal databases.",
          "es-MX": "Extraer mensajes eliminados desde bases de datos internas."
        },
        "Explanation": {
          "en-US": [
            {
              "type": "text",
              "content": "Messaging apps often store data locally in SQLite databases or encrypted files. Even when users delete messages, remnants may remain in backups, unallocated space, or database indexes. Forensic tools allow the extraction and reconstruction of these items, making them valuable evidence."
            }
          ],
          "es-MX": [
            {
              "type": "text",
              "content": "Las apps de mensajería suelen almacenar datos localmente en bases SQLite o archivos cifrados. Aunque el usuario elimine mensajes, estos pueden persistir en respaldos, espacio no asignado o índices. Las herramientas forenses permiten su extracción y reconstrucción, convirtiéndolos en evidencia valiosa."
            }
          ]
        }
      },
  
      {
        "Category": "Autenticidad",
        "Question Text": {
          "en-US": [
            "What does verifying the authenticity of digital evidence involve?"
          ],
          "es-MX": [
            "¿Qué implica verificar la autenticidad de la evidencia digital?"
          ]
        },
        "Options": {
          "en-US": [
            "Confirming that the evidence originates from the analyzed device and has not been manipulated.",
            "Editing timestamps to make them clearer.",
            "Changing the user’s phone number.",
            "Rewriting messages to simplify the investigation."
          ],
          "es-MX": [
            "Confirmar que la evidencia proviene realmente del dispositivo analizado y no ha sido manipulada.",
            "Editar marcas de tiempo para hacerlas más claras.",
            "Cambiar el número del usuario.",
            "Reescribir mensajes para simplificar la investigación."
          ]
        },
        "Correct Answer": {
          "en-US": "Confirming that the evidence originates from the analyzed device and has not been manipulated.",
          "es-MX": "Confirmar que la evidencia proviene realmente del dispositivo analizado y no ha sido manipulada."
        },
        "Explanation": {
          "en-US": [
            {
              "type": "text",
              "content": "Authenticity ensures that the content has not been altered, falsified, or injected from external sources. Analysts rely on metadata, hashes, device logs, and extraction methods to verify origin and integrity, which is critical for legal validity."
            }
          ],
          "es-MX": [
            {
              "type": "text",
              "content": "La autenticidad garantiza que el contenido no ha sido alterado, falsificado o inyectado desde fuentes externas. Los analistas utilizan metadatos, hashes, registros del dispositivo y métodos de extracción para verificar origen e integridad, lo cual es esencial para su validez legal."
            }
          ]
        }
      },
  
      {
        "Category": "Cifrado",
        "Question Text": {
          "en-US": [
            "Which technical challenge is caused by end-to-end encryption?"
          ],
          "es-MX": [
            "¿Qué desafío técnico genera el cifrado extremo a extremo?"
          ]
        },
        "Options": {
          "en-US": [
            "It prevents access to message content unless the device or valid credentials are obtained.",
            "It deletes all evidence automatically.",
            "It stores messages as plain text.",
            "It disables cloud synchronization."
          ],
          "es-MX": [
            "Impide acceder al contenido de los mensajes a menos que se obtenga el dispositivo o credenciales válidas.",
            "Elimina toda la evidencia automáticamente.",
            "Almacena los mensajes en texto plano.",
            "Desactiva la sincronización con la nube."
          ]
        },
        "Correct Answer": {
          "en-US": "It prevents access to message content unless the device or valid credentials are obtained.",
          "es-MX": "Impide acceder al contenido de los mensajes a menos que se obtenga el dispositivo o credenciales válidas."
        },
        "Explanation": {
          "en-US": [
            {
              "type": "text",
              "content": "End-to-end encryption ensures that only the communicating devices can decrypt the content, preventing even service providers from accessing messages. This enhances privacy but complicates forensic extraction unless legitimate access to the device or account is available."
            }
          ],
          "es-MX": [
            {
              "type": "text",
              "content": "El cifrado extremo a extremo garantiza que solo los dispositivos que participan en la conversación puedan descifrar el contenido. Esto protege la privacidad, pero complica la extracción forense si no se cuenta con acceso legítimo al dispositivo o a la cuenta."
            }
          ]
        }
      },
  
      {
        "Category": "Actualización de apps",
        "Question Text": {
          "en-US": [
            "Why do frequent internal changes in messaging apps pose a forensic challenge?"
          ],
          "es-MX": [
            "¿Por qué los cambios internos frecuentes en las apps de mensajería representan un desafío forense?"
          ]
        },
        "Options": {
          "en-US": [
            "Because databases, encryption methods, and file structures change constantly.",
            "Because apps stop generating logs.",
            "Because apps prevent the use of forensic tools entirely.",
            "Because apps no longer store messages."
          ],
          "es-MX": [
            "Porque las bases de datos, métodos de cifrado y estructuras internas cambian constantemente.",
            "Porque las apps dejan de generar registros.",
            "Porque las apps impiden por completo el uso de herramientas forenses.",
            "Porque las apps ya no almacenan mensajes."
          ]
        },
        "Correct Answer": {
          "en-US": "Because databases, encryption methods, and file structures change constantly.",
          "es-MX": "Porque las bases de datos, métodos de cifrado y estructuras internas cambian constantemente."
        },
        "Explanation": {
          "en-US": [
            {
              "type": "text",
              "content": "Messaging apps update their internal architecture frequently to improve security or functionality. These updates modify paths, table structures, encryption schemes, and logs, requiring analysts to continuously update their tools and methodologies to avoid extraction failures."
            }
          ],
          "es-MX": [
            {
              "type": "text",
              "content": "Las aplicaciones de mensajería actualizan su arquitectura interna con frecuencia para mejorar seguridad o funciones. Estos cambios modifican rutas, estructuras de tablas, esquemas de cifrado y registros, lo que obliga al analista a actualizar herramientas y métodos para evitar fallas en la extracción."
            }
          ]
        }
      },
  
      {
        "Category": "Evidencia en la nube",
        "Question Text": {
          "en-US": [
            "What makes cloud-stored evidence difficult to analyze?"
          ],
          "es-MX": [
            "¿Qué complica el análisis de evidencia almacenada en la nube?"
          ]
        },
        "Options": {
          "en-US": [
            "It may require legal authorization and access to remote servers.",
            "It is always deleted automatically.",
            "It cannot contain valuable information.",
            "It is stored unencrypted."
          ],
          "es-MX": [
            "Puede requerir autorización legal y acceso a servidores remotos.",
            "Siempre se elimina automáticamente.",
            "Nunca contiene información valiosa.",
            "Se almacena sin cifrado."
          ]
        },
        "Correct Answer": {
          "en-US": "It may require legal authorization and access to remote servers.",
          "es-MX": "Puede requerir autorización legal y acceso a servidores remotos."
        },
        "Explanation": {
          "en-US": [
            {
              "type": "text",
              "content": "Cloud backups and synced data are stored on servers controlled by service providers. Accessing them usually requires proper legal authority, authentication, or cooperation from providers. This adds procedural and technical complexity to the forensic process."
            }
          ],
          "es-MX": [
            {
              "type": "text",
              "content": "Los respaldos y datos sincronizados en la nube están almacenados en servidores externos administrados por proveedores. Acceder a ellos puede requerir autorización legal, credenciales válidas o colaboración del proveedor, lo que añade complejidad técnica y procedimental."
            }
          ]
        }
      },
  
      {
        "Category": "Mensajes efímeros",
        "Question Text": {
          "en-US": [
            "What challenge do ephemeral or temporary messages create?"
          ],
          "es-MX": [
            "¿Qué desafío generan los mensajes efímeros o temporales?"
          ]
        },
        "Options": {
          "en-US": [
            "They disappear automatically, generating volatile and hard-to-recover evidence.",
            "They create permanent logs.",
            "They store metadata forever.",
            "They duplicate messages across devices."
          ],
          "es-MX": [
            "Desaparecen automáticamente, generando evidencia volátil y difícil de recuperar.",
            "Crean registros permanentes.",
            "Almacenan metadatos para siempre.",
            "Duplican mensajes entre dispositivos."
          ]
        },
        "Correct Answer": {
          "en-US": "They disappear automatically, generating volatile and hard-to-recover evidence.",
          "es-MX": "Desaparecen automáticamente, generando evidencia volátil y difícil de recuperar."
        },
        "Explanation": {
          "en-US": [
            {
              "type": "text",
              "content": "Self-destructing messages remove content after a predefined time, limiting forensic recovery. Only remnants in temporary storage, notifications, or synchronization artifacts may remain, making extraction difficult and time-sensitive."
            }
          ],
          "es-MX": [
            {
              "type": "text",
              "content": "Los mensajes autodestructivos eliminan su contenido tras un tiempo definido, lo que limita la recuperación forense. Solo pueden quedar rastros en almacenamiento temporal, notificaciones o artefactos de sincronización, haciendo la extracción difícil y dependiente del tiempo."
            }
          ]
        }
      },
  
      {
        "Category": "Diversidad de plataformas",
        "Question Text": {
          "en-US": [
            "Why does the diversity of messaging platforms complicate forensic work?"
          ],
          "es-MX": [
            "¿Por qué la diversidad de plataformas de mensajería complica el trabajo forense?"
          ]
        },
        "Options": {
          "en-US": [
            "Because each app uses different storage methods and formats.",
            "Because apps use identical database structures.",
            "Because all apps store data unencrypted.",
            "Because messaging apps no longer store media files."
          ],
          "es-MX": [
            "Porque cada app utiliza métodos y formatos de almacenamiento diferentes.",
            "Porque todas las apps usan estructuras idénticas.",
            "Porque todas las apps guardan datos sin cifrado.",
            "Porque las apps de mensajería ya no almacenan archivos multimedia."
          ]
        },
        "Correct Answer": {
          "en-US": "Because each app uses different storage methods and formats.",
          "es-MX": "Porque cada app utiliza métodos y formatos de almacenamiento diferentes."
        },
        "Explanation": {
          "en-US": [
            {
              "type": "text",
              "content": "Messaging applications differ in how they store conversations, media, caches, metadata, and encryption keys. Some use SQLite databases, others encrypted containers, and others hybrid cloud synchronization. This forces analysts to understand multiple architectures and tools."
            }
          ],
          "es-MX": [
            {
              "type": "text",
              "content": "Las aplicaciones de mensajería difieren en cómo almacenan conversaciones, multimedia, cachés, metadatos y llaves de cifrado. Algunas usan bases SQLite, otras contenedores cifrados y otras sincronización híbrida con la nube. Esto obliga al analista a dominar múltiples arquitecturas y herramientas."
            }
          ]
        }
      },
  
      {
        "Category": "Ética y privacidad",
        "Question Text": {
          "en-US": [
            "Which ethical issue arises when analyzing messaging app data?"
          ],
          "es-MX": [
            "¿Qué problema ético surge al analizar datos de aplicaciones de mensajería?"
          ]
        },
        "Options": {
          "en-US": [
            "Handling extremely sensitive information that must remain confidential.",
            "Sharing recovered content freely with third parties.",
            "Modifying evidence to simplify reports.",
            "Ignoring legal authorization requirements."
          ],
          "es-MX": [
            "El manejo de información extremadamente sensible que debe permanecer confidencial.",
            "Compartir libremente el contenido recuperado con terceros.",
            "Modificar la evidencia para simplificar reportes.",
            "Ignorar requisitos de autorización legal."
          ]
        },
        "Correct Answer": {
          "en-US": "Handling extremely sensitive information that must remain confidential.",
          "es-MX": "El manejo de información extremadamente sensible que debe permanecer confidencial."
        },
        "Explanation": {
          "en-US": [
            {
              "type": "text",
              "content": "Messaging apps contain intimate conversations, locations, media, and contact information. Mishandling this data can violate privacy, confidentiality, and ethical principles. Analysts must operate with strict discretion to protect all involved individuals."
            }
          ],
          "es-MX": [
            {
              "type": "text",
              "content": "Las apps de mensajería contienen conversaciones íntimas, ubicaciones, multimedia e información de contactos. Un manejo incorrecto vulnera la privacidad, la confidencialidad y los principios éticos. El analista debe actuar con discreción estricta para proteger a todas las personas involucradas."
            }
          ]
        }
      },
  
      {
        "Category": "Acceso autorizado",
        "Question Text": {
          "en-US": [
            "What legal requirement is fundamental before analyzing a device or account?"
          ],
          "es-MX": [
            "¿Qué requisito legal es fundamental antes de analizar un dispositivo o una cuenta?"
          ]
        },
        "Options": {
          "en-US": [
            "Having authorized legal permission or judicial order.",
            "Having the phone unlocked by any means.",
            "Having a copy of the device manual.",
            "Having access to the app store."
          ],
          "es-MX": [
            "Contar con autorización legal o una orden judicial.",
            "Tener el teléfono desbloqueado por cualquier medio.",
            "Contar con el manual del dispositivo.",
            "Tener acceso a la tienda de aplicaciones."
          ]
        },
        "Correct Answer": {
          "en-US": "Having authorized legal permission or judicial order.",
          "es-MX": "Contar con autorización legal o una orden judicial."
        },
        "Explanation": {
          "en-US": [
            {
              "type": "text",
              "content": "Forensic analysis of personal communication requires strict adherence to legal frameworks. Accessing a device or account without permission violates privacy laws and can render evidence inadmissible. Proper documentation ensures lawful and ethical handling."
            }
          ],
          "es-MX": [
            {
              "type": "text",
              "content": "El análisis forense de comunicaciones personales requiere apego a marcos legales. Acceder a un dispositivo o cuenta sin autorización viola la privacidad y puede invalidar la evidencia. La documentación adecuada garantiza un manejo ético y legal."
            }
          ]
        }
      },
  
      {
        "Category": "Rol ético",
        "Question Text": {
          "en-US": [
            "Which principle defines the ethical role of the forensic analyst?"
          ],
          "es-MX": [
            "¿Qué principio define el rol ético del analista forense?"
          ]
        },
        "Options": {
          "en-US": [
            "Impartiality and presenting only verifiable facts.",
            "Favoring one party during the investigation.",
            "Sharing findings with unauthorized individuals.",
            "Ignoring standard procedures."
          ],
          "es-MX": [
            "La imparcialidad y la presentación de hechos verificables.",
            "Favorecer a una de las partes en la investigación.",
            "Compartir hallazgos con personas no autorizadas.",
            "Ignorar los procedimientos estándar."
          ]
        },
        "Correct Answer": {
          "en-US": "Impartiality and presenting only verifiable facts.",
          "es-MX": "La imparcialidad y la presentación de hechos verificables."
        },
        "Explanation": {
          "en-US": [
            {
              "type": "text",
              "content": "A forensic analyst must remain neutral, documenting and presenting only what the evidence demonstrates. They cannot introduce personal opinions or bias, ensuring that the investigation remains reliable and legally valid."
            }
          ],
          "es-MX": [
            {
              "type": "text",
              "content": "El analista forense debe mantenerse neutral, documentar y presentar únicamente lo que la evidencia demuestra. No puede introducir opiniones personales ni sesgos, garantizando que la investigación sea confiable y legalmente válida."
            }
          ]
        }
      },
  
      {
        "Category": "Transparencia",
        "Question Text": {
          "en-US": [
            "What does transparency in forensic work require?"
          ],
          "es-MX": [
            "¿Qué requiere la transparencia en el trabajo forense?"
          ]
        },
        "Options": {
          "en-US": [
            "Documenting every step, tool, method, and date used during the analysis.",
            "Deleting records after analysis.",
            "Using anonymous tools without version numbers.",
            "Avoiding explanations in reports."
          ],
          "es-MX": [
            "Documentar cada paso, herramienta, método y fecha utilizada durante el análisis.",
            "Eliminar los registros después del análisis.",
            "Utilizar herramientas anónimas sin número de versión.",
            "Evitar explicaciones en los informes."
          ]
        },
        "Correct Answer": {
          "en-US": "Documenting every step, tool, method, and date used during the analysis.",
          "es-MX": "Documentar cada paso, herramienta, método y fecha utilizada durante el análisis."
        },
        "Explanation": {
          "en-US": [
            {
              "type": "text",
              "content": "Transparency ensures that the forensic process can be reproduced, reviewed, and validated. Detailed documentation strengthens credibility and maintains the chain of custody, preventing claims of manipulation or procedural failure."
            }
          ],
          "es-MX": [
            {
              "type": "text",
              "content": "La transparencia garantiza que el proceso forense pueda reproducirse, revisarse y validarse. Una documentación detallada fortalece la credibilidad y mantiene la cadena de custodia, evitando acusaciones de manipulación o fallas procedimentales."
            }
          ]
        }
      },
  
      {
        "Category": "Impacto positivo",
        "Question Text": {
          "en-US": [
            "What is one positive outcome of correct forensic analysis in messaging apps?"
          ],
          "es-MX": [
            "¿Cuál es un resultado positivo del análisis forense correcto en apps de mensajería?"
          ]
        },
        "Options": {
          "en-US": [
            "It supports legal cases with solid technical evidence.",
            "It hides evidence from authorities.",
            "It prevents organizations from detecting threats.",
            "It removes metadata automatically."
          ],
          "es-MX": [
            "Apoya casos judiciales con evidencia técnica sólida.",
            "Oculta evidencia frente a las autoridades.",
            "Impide que las organizaciones detecten amenazas.",
            "Elimina metadatos automáticamente."
          ]
        },
        "Correct Answer": {
          "en-US": "It supports legal cases with solid technical evidence.",
          "es-MX": "Apoya casos judiciales con evidencia técnica sólida."
        },
        "Explanation": {
          "en-US": [
            {
              "type": "text",
              "content": "Forensic analysis reveals what happened, when, and how, providing clear evidence for judges, prosecutors, and investigators. This contributes to justice, incident resolution, and protection against digital threats."
            }
          ],
          "es-MX": [
            {
              "type": "text",
              "content": "El análisis forense revela qué ocurrió, cuándo y cómo, proporcionando evidencia clara para jueces, fiscales e investigadores. Esto contribuye a la justicia, la resolución de incidentes y la protección frente a amenazas digitales."
            }
          ]
        }
      }
    ]
  }
  