{
    "meta": {
      "slug": "forense-apps38",
      "title": "Clase 38 – Validación cruzada de fuentes (WhatsApp, Telegram y otras apps)",
      "subject": "ANÁLISIS FORENSE DE APPS DE COMUNICACIÓN",
      "unit": 3,
      "classNo": 38,
      "description": "Comparación y correlación de datos entre WhatsApp, Telegram y otras plataformas para confirmar hechos, detectar inconsistencias y fortalecer la validez de la evidencia digital.",
      "tags": [
        "validación cruzada",
        "whatsapp",
        "telegram",
        "multiplataforma",
        "hash",
        "timeline",
        "metadatos",
        "evidencia digital",
        "dfir",
        "correlación forense"
      ]
    },
    "Questions": [
      {
        "Category": "concepto-validacion-cruzada",
        "Question Text": {
          "en-US": [
            "In digital forensics, what does cross-validation of sources mainly consist of?"
          ],
          "es-MX": [
            "En forense digital, ¿en qué consiste principalmente la validación cruzada de fuentes?"
          ]
        },
        "Options": {
          "en-US": [
            "Comparing information from different applications, devices or records (for example WhatsApp and Telegram) to confirm whether the events, dates and artifacts are consistent",
            "Replacing the original evidence with screenshots that look clearer for the court",
            "Editing timestamps in all databases so that they match a predetermined theory",
            "Encrypting all messages again with a new key so that only the examiner can read them"
          ],
          "es-MX": [
            "Comparar información de diferentes aplicaciones, dispositivos o registros (por ejemplo WhatsApp y Telegram) para confirmar si los eventos, fechas y artefactos son coherentes entre sí",
            "Sustituir la evidencia original por capturas de pantalla que se vean más claras ante el juez",
            "Editar los timestamps en todas las bases de datos para que coincidan con una teoría previa",
            "Volver a cifrar todos los mensajes con una nueva llave para que solo el perito pueda leerlos"
          ]
        },
        "Correct Answer": {
          "en-US": "Comparing information from different applications, devices or records (for example WhatsApp and Telegram) to confirm whether the events, dates and artifacts are consistent",
          "es-MX": "Comparar información de diferentes aplicaciones, dispositivos o registros (por ejemplo WhatsApp y Telegram) para confirmar si los eventos, fechas y artefactos son coherentes entre sí"
        },
        "Explanation": [
          {
            "type": "p",
            "content": {
              "en-US": "The class defines cross-validation as a technique where the examiner contrasts data from multiple sources (apps, backups, devices) to corroborate authenticity, detect discrepancies and strengthen the evidentiary value of findings.",
              "es-MX": "La clase define la validación cruzada como una técnica en la que el perito contrasta datos de múltiples fuentes (apps, respaldos, dispositivos) para corroborar autenticidad, detectar discrepancias y fortalecer el valor probatorio de los hallazgos."
            }
          }
        ]
      },
      {
        "Category": "objetivo-validacion-cruzada",
        "Question Text": {
          "en-US": [
            "Which of the following is a DIRECT objective of cross-validating WhatsApp and Telegram data in a case?"
          ],
          "es-MX": [
            "¿Cuál de las siguientes es un objetivo DIRECTO de validar de forma cruzada los datos de WhatsApp y Telegram en un caso?"
          ]
        },
        "Options": {
          "en-US": [
            "Detecting manipulations, deletions or inconsistencies by checking whether dates, files, locations and sequences match across platforms",
            "Automatically restoring all deleted messages without any acquisition process",
            "Converting all chats to a single proprietary format that cannot be audited",
            "Reducing the number of artifacts in order to simplify the report, even if evidence is lost"
          ],
          "es-MX": [
            "Detectar manipulaciones, borrados o inconsistencias revisando si fechas, archivos, ubicaciones y secuencias coinciden entre plataformas",
            "Restaurar automáticamente todos los mensajes eliminados sin ningún proceso de adquisición",
            "Convertir todos los chats a un único formato propietario que no pueda auditarse",
            "Reducir la cantidad de artefactos para simplificar el informe, aunque se pierda evidencia"
          ]
        },
        "Correct Answer": {
          "en-US": "Detecting manipulations, deletions or inconsistencies by checking whether dates, files, locations and sequences match across platforms",
          "es-MX": "Detectar manipulaciones, borrados o inconsistencias revisando si fechas, archivos, ubicaciones y secuencias coinciden entre plataformas"
        },
        "Explanation": [
          {
            "type": "ul",
            "items": {
              "en-US": [
                "Cross-validation compares timestamps, hashes, EXIF, chat sequences and locations.",
                "Differences between platforms can reveal edits or partial deletions.",
                "Coincidences reinforce the reliability of the reconstructed events."
              ],
              "es-MX": [
                "La validación cruzada compara timestamps, hashes, EXIF, secuencias de chat y ubicaciones.",
                "Las diferencias entre plataformas pueden revelar ediciones o borrados parciales.",
                "Las coincidencias refuerzan la confiabilidad de los hechos reconstruidos."
              ]
            }
          }
        ]
      },
      {
        "Category": "diferencias-wa-telegram",
        "Question Text": {
          "en-US": [
            "According to the class, what is a key difference between WhatsApp and Telegram that affects how each one is used as a forensic source?"
          ],
          "es-MX": [
            "Según la clase, ¿cuál es una diferencia clave entre WhatsApp y Telegram que afecta la forma en que cada uno se usa como fuente forense?"
          ]
        },
        "Options": {
          "en-US": [
            "WhatsApp stores its main chats in local SQLite databases (msgstore.db and wa.db) and keeps media in public folders, while Telegram uses a hybrid cloud model with local TDB/MAP caches and messages that may reside mainly on the server",
            "WhatsApp never stores any data on the device and works only in the cloud, while Telegram always stores everything locally and has no cloud at all",
            "Telegram uses only plain text files with no databases or caches, while WhatsApp uses only encrypted binary blobs impossible to parse",
            "Both WhatsApp and Telegram store data in identical folder structures and with the exact same timestamp formats"
          ],
          "es-MX": [
            "WhatsApp almacena sus chats principales en bases SQLite locales (msgstore.db y wa.db) y guarda la multimedia en carpetas públicas, mientras que Telegram usa un modelo híbrido en la nube con cachés locales TDB/MAP y mensajes que pueden residir principalmente en el servidor",
            "WhatsApp nunca almacena datos en el dispositivo y funciona solo en la nube, mientras que Telegram guarda siempre todo en local y no tiene nube",
            "Telegram usa solo archivos de texto plano sin bases ni cachés, mientras que WhatsApp usa únicamente blobs binarios cifrados imposibles de interpretar",
            "WhatsApp y Telegram almacenan los datos en estructuras de carpetas idénticas y con exactamente el mismo formato de timestamps"
          ]
        },
        "Correct Answer": {
          "en-US": "WhatsApp stores its main chats in local SQLite databases (msgstore.db and wa.db) and keeps media in public folders, while Telegram uses a hybrid cloud model with local TDB/MAP caches and messages that may reside mainly on the server",
          "es-MX": "WhatsApp almacena sus chats principales en bases SQLite locales (msgstore.db y wa.db) y guarda la multimedia en carpetas públicas, mientras que Telegram usa un modelo híbrido en la nube con cachés locales TDB/MAP y mensajes que pueden residir principalmente en el servidor"
        },
        "Explanation": [
          {
            "type": "p",
            "content": {
              "en-US": "The class stresses that WhatsApp is strongly device-based (SQLite + /Media folders), whereas Telegram is cloud-centric with local caches. This changes how data is acquired, what remains on the phone and how cross-validation must be performed.",
              "es-MX": "La clase enfatiza que WhatsApp es fuertemente dependiente del dispositivo (SQLite + carpetas /Media), mientras que Telegram es más centrado en la nube con cachés locales. Esto cambia cómo se adquieren los datos, qué permanece en el teléfono y cómo debe hacerse la validación cruzada."
            }
          }
        ]
      },
      {
        "Category": "elementos-comparar",
        "Question Text": {
          "en-US": [
            "Which set of elements is MOST relevant to compare when performing cross-validation between WhatsApp and Telegram about the same alleged event?"
          ],
          "es-MX": [
            "¿Qué conjunto de elementos es MÁS relevante comparar al hacer validación cruzada entre WhatsApp y Telegram respecto al mismo hecho alegado?"
          ]
        },
        "Options": {
          "en-US": [
            "Timestamps, multimedia files (and their hashes), EXIF metadata, conversation context and locations mentioned or embedded in the files",
            "Screen brightness, wallpaper image, ringtone type and battery level at the time of the messages",
            "The number of installed games, the volume of notifications and the color theme of each app",
            "Only the usernames or phone numbers, ignoring dates, files and locations"
          ],
          "es-MX": [
            "Timestamps, archivos multimedia (y sus hashes), metadatos EXIF, contexto de la conversación y ubicaciones mencionadas o incrustadas en los archivos",
            "El brillo de pantalla, la imagen de fondo, el tipo de tono y el nivel de batería al momento de los mensajes",
            "La cantidad de juegos instalados, el volumen de notificaciones y el color del tema de cada app",
            "Solo los nombres de usuario o números telefónicos, ignorando fechas, archivos y ubicaciones"
          ]
        },
        "Correct Answer": {
          "en-US": "Timestamps, multimedia files (and their hashes), EXIF metadata, conversation context and locations mentioned or embedded in the files",
          "es-MX": "Timestamps, archivos multimedia (y sus hashes), metadatos EXIF, contexto de la conversación y ubicaciones mencionadas o incrustadas en los archivos"
        },
        "Explanation": [
          {
            "type": "ul",
            "items": {
              "en-US": [
                "Time, file identity (hash), location and context are the core of cross-validation.",
                "If all these coincide across apps, the version of events becomes more credible.",
                "Differences may reveal editing, re-sending or fabrication of evidence."
              ],
              "es-MX": [
                "Tiempo, identidad de archivo (hash), ubicación y contexto son el núcleo de la validación cruzada.",
                "Si todo esto coincide entre apps, la versión de los hechos se vuelve más creíble.",
                "Las diferencias pueden revelar edición, reenvío o fabricación de evidencia."
              ]
            }
          }
        ]
      },
      {
        "Category": "hash-y-manipulacion",
        "Question Text": {
          "en-US": [
            "What does it typically mean if the ‘same’ photo appears on WhatsApp and Telegram but each copy has a different hash value according to the class?"
          ],
          "es-MX": [
            "¿Qué suele significar que una ‘misma’ foto aparezca en WhatsApp y Telegram pero cada copia tenga un hash diferente según lo explicado en la clase?"
          ]
        },
        "Options": {
          "en-US": [
            "That at least one copy has been modified (edited, recompressed or altered) in such a way that its binary content changed, even if it visually looks similar",
            "That the hash algorithm is not reliable and should never be used again in forensic work",
            "That two different users uploaded the file at the same time, which always causes hash collisions",
            "That Telegram and WhatsApp intentionally falsify hash values so that they can never be compared"
          ],
          "es-MX": [
            "Que al menos una de las copias ha sido modificada (editada, recompresa o alterada) de forma que su contenido binario cambió, aunque visualmente se vea similar",
            "Que el algoritmo de hash no es confiable y nunca debe volver a usarse en trabajo forense",
            "Que dos usuarios distintos subieron el archivo al mismo tiempo, lo que siempre provoca colisiones de hash",
            "Que Telegram y WhatsApp falsifican intencionalmente los valores hash para que nunca puedan compararse"
          ]
        },
        "Correct Answer": {
          "en-US": "That at least one copy has been modified (edited, recompressed or altered) in such a way that its binary content changed, even if it visually looks similar",
          "es-MX": "Que al menos una de las copias ha sido modificada (editada, recompresa o alterada) de forma que su contenido binario cambió, aunque visualmente se vea similar"
        },
        "Explanation": [
          {
            "type": "p",
            "content": {
              "en-US": "The class explains that identical hashes indicate identical binary content. If the ‘same’ file has different hashes, the examiner must suspect editing, re-capture, recompression or some manipulation that breaks the exact match.",
              "es-MX": "La clase explica que hashes idénticos indican contenido binario idéntico. Si el ‘mismo’ archivo tiene hashes distintos, el perito debe sospechar edición, re-captura, recompresión o alguna manipulación que rompa la coincidencia exacta."
            }
          }
        ]
      },
      {
        "Category": "pasos-validacion",
        "Question Text": {
          "en-US": [
            "According to the step-by-step procedure in the class, what should the examiner do AFTER extracting WhatsApp msgstore.db/Media and Telegram TDB/MAP files?"
          ],
          "es-MX": [
            "Según el procedimiento paso a paso de la clase, ¿qué debe hacer el perito DESPUÉS de extraer msgstore.db/Media de WhatsApp y los archivos TDB/MAP de Telegram?"
          ]
        },
        "Options": {
          "en-US": [
            "Normalize both datasets into comparable formats (unified timestamps, sender identifiers, ordered message lists) and then start comparing complete timelines",
            "Immediately delete the original databases to avoid using too much disk space",
            "Change all timestamps to local time without documenting the conversion process",
            "Copy and paste some screenshots and ignore the raw database contents"
          ],
          "es-MX": [
            "Normalizar ambos conjuntos de datos a formatos comparables (timestamps unificados, identificadores de remitente, listas de mensajes ordenadas) y luego empezar a comparar las líneas de tiempo completas",
            "Borrar de inmediato las bases de datos originales para no ocupar mucho espacio en disco",
            "Cambiar todos los timestamps a hora local sin documentar el proceso de conversión",
            "Copiar y pegar algunas capturas de pantalla e ignorar el contenido crudo de las bases"
          ]
        },
        "Correct Answer": {
          "en-US": "Normalize both datasets into comparable formats (unified timestamps, sender identifiers, ordered message lists) and then start comparing complete timelines",
          "es-MX": "Normalizar ambos conjuntos de datos a formatos comparables (timestamps unificados, identificadores de remitente, listas de mensajes ordenadas) y luego empezar a comparar las líneas de tiempo completas"
        },
        "Explanation": [
          {
            "type": "ul",
            "items": {
              "en-US": [
                "The class emphasizes unifying timestamp formats (UTC/local) and key fields.",
                "Only then can the examiner align events across apps and detect consistencies or gaps.",
                "Documentation of each transformation is crucial for transparency."
              ],
              "es-MX": [
                "La clase enfatiza unificar formatos de tiempo (UTC/local) y campos clave.",
                "Solo así el perito puede alinear eventos entre apps y detectar coincidencias o vacíos.",
                "La documentación de cada transformación es crucial para la transparencia."
              ]
            }
          }
        ]
      },
      {
        "Category": "cronologias-paralelas",
        "Question Text": {
          "en-US": [
            "When comparing complete timelines from WhatsApp and Telegram, which combination of observations is MOST useful to detect behavior patterns or inconsistencies?"
          ],
          "es-MX": [
            "Al comparar líneas de tiempo completas de WhatsApp y Telegram, ¿qué combinación de observaciones es MÁS útil para detectar patrones de comportamiento o inconsistencias?"
          ]
        },
        "Options": {
          "en-US": [
            "Events on the same date, peaks of messages on both apps, simultaneous activity, silences in one platform with activity on the other and shared references to the same files or locations",
            "Only the visual theme color used in each app and the size of the chat bubbles",
            "The order of emojis in the last ten messages and the background image of the chats",
            "The number of times the user updated their profile picture, ignoring dates and content"
          ],
          "es-MX": [
            "Eventos en la misma fecha, picos de mensajes en ambas apps, actividad simultánea, silencios en una plataforma con actividad en la otra y referencias compartidas al mismo archivo o ubicación",
            "Solo el color del tema visual usado en cada app y el tamaño de las burbujas de chat",
            "El orden de los emojis en los últimos diez mensajes y la imagen de fondo de los chats",
            "La cantidad de veces que el usuario cambió su foto de perfil, sin considerar fechas ni contenido"
          ]
        },
        "Correct Answer": {
          "en-US": "Events on the same date, peaks of messages on both apps, simultaneous activity, silences in one platform with activity on the other and shared references to the same files or locations",
          "es-MX": "Eventos en la misma fecha, picos de mensajes en ambas apps, actividad simultánea, silencios en una plataforma con actividad en la otra y referencias compartidas al mismo archivo o ubicación"
        },
        "Explanation": [
          {
            "type": "p",
            "content": {
              "en-US": "The class explains that observing how peaks, silences and discussion of the same files or places align between platforms allows the examiner to detect hiding attempts, channel switching or coordinated use of multiple apps.",
              "es-MX": "La clase explica que observar cómo se alinean picos, silencios y discusión de los mismos archivos o lugares entre plataformas permite al perito detectar intentos de ocultamiento, cambios de canal o uso coordinado de múltiples apps."
            }
          }
        ]
      },
      {
        "Category": "ejemplo-integrado",
        "Question Text": {
          "en-US": [
            "In the integrated example of the class (photo via WhatsApp and discussion in Telegram), which combination of artifacts supported the conclusion that there was no manipulation?"
          ],
          "es-MX": [
            "En el ejemplo integrado de la clase (foto enviada por WhatsApp y comentada en Telegram), ¿qué combinación de artefactos apoyó la conclusión de que no había manipulación?"
          ]
        },
        "Options": {
          "en-US": [
            "Consistent EXIF capture time (19:12), WhatsApp send time (19:14), Telegram discussion at 19:18, matching hash in both platforms and device logs showing Wi-Fi connection at that time",
            "Only the fact that the user verbally declared that the photo was real, without any technical artifacts",
            "The use of a filter in the image editor and the presence of stickers added over the photo",
            "The deletion of all logs and databases after the incident, which automatically proves innocence"
          ],
          "es-MX": [
            "La coincidencia entre la hora EXIF de captura (19:12), el envío por WhatsApp (19:14), la conversación en Telegram a las 19:18, el hash coincidente en ambas plataformas y los logs del dispositivo que muestran conexión Wi-Fi en ese momento",
            "Solo el hecho de que el usuario declaró de palabra que la foto era real, sin revisar artefactos técnicos",
            "El uso de un filtro en el editor de imágenes y la presencia de stickers añadidos sobre la foto",
            "La eliminación de todos los logs y bases de datos después del incidente, lo cual prueba automáticamente la inocencia"
          ]
        },
        "Correct Answer": {
          "en-US": "Consistent EXIF capture time (19:12), WhatsApp send time (19:14), Telegram discussion at 19:18, matching hash in both platforms and device logs showing Wi-Fi connection at that time",
          "es-MX": "La coincidencia entre la hora EXIF de captura (19:12), el envío por WhatsApp (19:14), la conversación en Telegram a las 19:18, el hash coincidente en ambas plataformas y los logs del dispositivo que muestran conexión Wi-Fi en ese momento"
        },
        "Explanation": [
          {
            "type": "ul",
            "items": {
              "en-US": [
                "Multiple artifacts converged: EXIF, app timestamps, hashes and connectivity logs.",
                "The temporal sequence matched a natural flow: capture → send → discussion.",
                "No inconsistencies were found, so manipulation was not supported by the data."
              ],
              "es-MX": [
                "Convergieron múltiples artefactos: EXIF, timestamps de apps, hashes y logs de conectividad.",
                "La secuencia temporal coincidía con un flujo natural: captura → envío → conversación.",
                "No se hallaron inconsistencias, por lo que la manipulación no estaba respaldada por los datos."
              ]
            }
          }
        ]
      },
      {
        "Category": "inconsistencias-detectadas",
        "Question Text": {
          "en-US": [
            "Which scenario would MOST likely indicate an inconsistency discovered through cross-validation between apps and metadata?"
          ],
          "es-MX": [
            "¿Qué escenario indicaría con MÁS probabilidad una inconsistencia descubierta mediante validación cruzada entre apps y metadatos?"
          ]
        },
        "Options": {
          "en-US": [
            "A user claims that a photo was taken and sent at 18:05, but EXIF shows capture at 22:30 in another city and the Telegram message that mentions the same photo is timestamped the next day",
            "A user sends a text-only message at 10:15 and all sources (WhatsApp, Telegram, logs) agree on that time slot",
            "Two backups taken with minutes of difference contain the same, consistent set of messages and hashes",
            "All apps show identical times and hashes for the same document in a single, simple conversation"
          ],
          "es-MX": [
            "Un usuario afirma que una foto se tomó y envió a las 18:05, pero el EXIF muestra captura a las 22:30 en otra ciudad y el mensaje de Telegram que menciona esa misma foto tiene timestamp del día siguiente",
            "Un usuario envía un mensaje solo de texto a las 10:15 y todas las fuentes (WhatsApp, Telegram, logs) coinciden en ese horario",
            "Dos respaldos tomados con minutos de diferencia contienen el mismo conjunto consistente de mensajes y hashes",
            "Todas las apps muestran horas y hashes idénticos para el mismo documento en una sola conversación sencilla"
          ]
        },
        "Correct Answer": {
          "en-US": "A user claims that a photo was taken and sent at 18:05, but EXIF shows capture at 22:30 in another city and the Telegram message that mentions the same photo is timestamped the next day",
          "es-MX": "Un usuario afirma que una foto se tomó y envió a las 18:05, pero el EXIF muestra captura a las 22:30 en otra ciudad y el mensaje de Telegram que menciona esa misma foto tiene timestamp del día siguiente"
        },
        "Explanation": [
          {
            "type": "p",
            "content": {
              "en-US": "Here, EXIF, app timestamps and the user’s narrative contradict each other. Cross-validation exposes the mismatch between claimed time/place and technical records, which may indicate manipulation, fabrication or false testimony.",
              "es-MX": "En este caso, el EXIF, los timestamps de las apps y la narrativa del usuario se contradicen. La validación cruzada exhibe la falta de coincidencia entre la hora/lugar alegados y los registros técnicos, lo que puede indicar manipulación, fabricación o falso testimonio."
            }
          }
        ]
      },
      {
        "Category": "herramientas-validacion",
        "Question Text": {
          "en-US": [
            "Which tools does the class mention as useful for cross-validating events and artifacts between different messaging platforms?"
          ],
          "es-MX": [
            "¿Qué herramientas menciona la clase como útiles para validar de forma cruzada eventos y artefactos entre distintas plataformas de mensajería?"
          ]
        },
        "Options": {
          "en-US": [
            "Magnet AXIOM, Cellebrite Physical Analyzer, Autopsy, DB Browser for SQLite, ExifTool and advanced stacks like Elasticsearch/Kibana for large volumes",
            "Only basic screenshot viewers and generic photo gallery apps on the phone",
            "Video-editing suites whose main purpose is to add effects and transitions to evidence",
            "Antivirus software and PC games that happen to be installed on the examiner’s laptop"
          ],
          "es-MX": [
            "Magnet AXIOM, Cellebrite Physical Analyzer, Autopsy, DB Browser for SQLite, ExifTool y pilas avanzadas como Elasticsearch/Kibana para grandes volúmenes",
            "Solo visores básicos de capturas de pantalla y galerías de fotos genéricas del teléfono",
            "Suites de edición de video cuyo objetivo principal es añadir efectos y transiciones a la evidencia",
            "Programas antivirus y videojuegos que el perito tenga instalados en su computadora"
          ]
        },
        "Correct Answer": {
          "en-US": "Magnet AXIOM, Cellebrite Physical Analyzer, Autopsy, DB Browser for SQLite, ExifTool and advanced stacks like Elasticsearch/Kibana for large volumes",
          "es-MX": "Magnet AXIOM, Cellebrite Physical Analyzer, Autopsy, DB Browser for SQLite, ExifTool y pilas avanzadas como Elasticsearch/Kibana para grandes volúmenes"
        },
        "Explanation": [
          {
            "type": "ul",
            "items": {
              "en-US": [
                "AXIOM and Cellebrite provide cross-app timelines and artifact correlation.",
                "Autopsy and DB Browser assist with manual database analysis.",
                "ExifTool focuses on multimedia metadata; Elasticsearch/Kibana help with big data comparisons."
              ],
              "es-MX": [
                "AXIOM y Cellebrite ofrecen timelines cruzados y correlación de artefactos entre apps.",
                "Autopsy y DB Browser ayudan con el análisis manual de bases de datos.",
                "ExifTool se centra en metadatos multimedia; Elasticsearch/Kibana ayudan con comparaciones de grandes volúmenes."
              ]
            }
          }
        ]
      },
      {
        "Category": "buena-practica-reporte",
        "Question Text": {
          "en-US": [
            "Which statement BEST reflects a good reporting practice when presenting results of cross-validation in a forensic report?"
          ],
          "es-MX": [
            "¿Qué afirmación refleja MEJOR una buena práctica de reporte al presentar resultados de validación cruzada en un informe forense?"
          ]
        },
        "Options": {
          "en-US": [
            "Describe clearly which sources were compared (WhatsApp, Telegram, EXIF, logs), how timestamps were normalized, which hashes and locations matched or differed and explain any inconsistency in an objective, technical manner",
            "Only show a couple of screenshots that support the theory and omit all technical details that could confuse the reader",
            "Modify the data slightly so that all platforms appear perfectly consistent and the narrative looks cleaner",
            "Ignore any differences between platforms to avoid complicated explanations in court"
          ],
          "es-MX": [
            "Describir con claridad qué fuentes se compararon (WhatsApp, Telegram, EXIF, logs), cómo se normalizaron los timestamps, qué hashes y ubicaciones coincidieron o difirieron y explicar cualquier inconsistencia de forma objetiva y técnica",
            "Mostrar solo un par de capturas que apoyen la teoría y omitir todos los detalles técnicos que puedan confundir al lector",
            "Modificar un poco los datos para que todas las plataformas parezcan perfectamente coherentes y la narrativa luzca más limpia",
            "Ignorar cualquier diferencia entre plataformas para evitar explicaciones complicadas en juicio"
          ]
        },
        "Correct Answer": {
          "en-US": "Describe clearly which sources were compared (WhatsApp, Telegram, EXIF, logs), how timestamps were normalized, which hashes and locations matched or differed and explain any inconsistency in an objective, technical manner",
          "es-MX": "Describir con claridad qué fuentes se compararon (WhatsApp, Telegram, EXIF, logs), cómo se normalizaron los timestamps, qué hashes y ubicaciones coincidieron o difirieron y explicar cualquier inconsistencia de forma objetiva y técnica"
        },
        "Explanation": [
          {
            "type": "ul",
            "items": {
              "en-US": [
                "Transparency about methods and sources is critical in forensic reporting.",
                "The report must explain both matches and mismatches without altering raw data.",
                "This strengthens the credibility and legal robustness of the examiner’s conclusions."
              ],
              "es-MX": [
                "La transparencia sobre métodos y fuentes es crítica en un informe forense.",
                "El reporte debe explicar tanto coincidencias como discrepancias sin alterar los datos crudos.",
                "Esto fortalece la credibilidad y la solidez legal de las conclusiones del perito."
              ]
            }
          }
        ]
      },
      {
        "Category": "limites-validacion",
        "Question Text": {
          "en-US": [
            "Which of the following best describes a LIMITATION of cross-validation between WhatsApp and Telegram?"
          ],
          "es-MX": [
            "¿Cuál de las siguientes describe MEJOR una LIMITACIÓN de la validación cruzada entre WhatsApp y Telegram?"
          ]
        },
        "Options": {
          "en-US": [
            "Secret chats in Telegram may not be fully available in the cloud or in standard backups, so sometimes there is no second source to compare against",
            "Hashes always change every time a file is copied, so it is impossible to compare documents between platforms",
            "All timestamps are always stored in local time, so there is no need to normalize or adjust them",
            "Every message and file in WhatsApp is automatically duplicated in Telegram, so comparison is trivial and does not add value"
          ],
          "es-MX": [
            "Los chats secretos de Telegram pueden no estar completamente disponibles en la nube ni en respaldos estándar, así que a veces no existe una segunda fuente con la cual comparar",
            "Los hashes siempre cambian cada vez que se copia un archivo, por lo que es imposible comparar documentos entre plataformas",
            "Todos los timestamps se guardan siempre en hora local, así que no hay necesidad de normalizar ni ajustar",
            "Cada mensaje y archivo de WhatsApp se duplica automáticamente en Telegram, por lo que la comparación es trivial y no aporta valor"
          ]
        },
        "Correct Answer": {
          "en-US": "Secret chats in Telegram may not be fully available in the cloud or in standard backups, so sometimes there is no second source to compare against",
          "es-MX": "Los chats secretos de Telegram pueden no estar completamente disponibles en la nube ni en respaldos estándar, así que a veces no existe una segunda fuente con la cual comparar"
        },
        "Explanation": [
          {
            "type": "p",
            "content": {
              "en-US": "Cross-validation depends on having more than one usable source. Secret chats or partial extractions can limit the ability to confirm events from another platform.",
              "es-MX": "La validación cruzada depende de tener más de una fuente utilizable. Los chats secretos o las extracciones parciales pueden limitar la capacidad de confirmar eventos desde otra plataforma."
            }
          }
        ]
      },
      {
        "Category": "backups-y-diferencias",
        "Question Text": {
          "en-US": [
            "Why is it important to include backups (for example, old WhatsApp msgstore.db.crypt files) in a cross-validation process with current app data?"
          ],
          "es-MX": [
            "¿Por qué es importante incluir respaldos (por ejemplo, archivos antiguos msgstore.db.crypt de WhatsApp) en un proceso de validación cruzada con los datos actuales de las apps?"
          ]
        },
        "Options": {
          "en-US": [
            "Because backups may contain messages or files that existed before being deleted on the current device, allowing the examiner to detect selective erasure or timeline changes",
            "Because backups automatically fix all inconsistencies and rewrite the original data to look perfect",
            "Because the law always requires that only backup data be used, ignoring the current state of the device",
            "Because the examiner must always restore the backup directly on the suspect’s phone to analyze it"
          ],
          "es-MX": [
            "Porque los respaldos pueden contener mensajes o archivos que existían antes de ser eliminados en el dispositivo actual, lo que permite al perito detectar borrados selectivos o cambios en la línea de tiempo",
            "Porque los respaldos corrigen automáticamente todas las inconsistencias y reescriben los datos originales para que se vean perfectos",
            "Porque la ley exige siempre usar solo los datos del respaldo, ignorando el estado actual del dispositivo",
            "Porque el perito debe restaurar siempre el respaldo directamente en el teléfono del involucrado para poder analizarlo"
          ]
        },
        "Correct Answer": {
          "en-US": "Because backups may contain messages or files that existed before being deleted on the current device, allowing the examiner to detect selective erasure or timeline changes",
          "es-MX": "Porque los respaldos pueden contener mensajes o archivos que existían antes de ser eliminados en el dispositivo actual, lo que permite al perito detectar borrados selectivos o cambios en la línea de tiempo"
        },
        "Explanation": [
          {
            "type": "ul",
            "items": {
              "en-US": [
                "Backups preserve an older state of chats and files.",
                "Comparing backup vs current data reveals what disappeared later.",
                "This is a core tactic for detecting deletions and alterations."
              ],
              "es-MX": [
                "Los respaldos conservan un estado más antiguo de chats y archivos.",
                "Comparar respaldo vs datos actuales revela qué desapareció después.",
                "Esta es una táctica central para detectar borrados y alteraciones."
              ]
            }
          }
        ]
      },
      {
        "Category": "silencios-y-cambios-app",
        "Question Text": {
          "en-US": [
            "During cross-validation, what might it suggest if there is a sudden silence in WhatsApp around an incident, but Telegram shows intense activity at the same time between the same users?"
          ],
          "es-MX": [
            "En validación cruzada, ¿qué podría sugerir que haya un silencio repentino en WhatsApp alrededor de un incidente, pero Telegram muestre actividad intensa al mismo tiempo entre los mismos usuarios?"
          ]
        },
        "Options": {
          "en-US": [
            "That the participants may have intentionally switched channels to continue the conversation in a different app, possibly to avoid leaving traces in one platform",
            "That the phone was completely turned off and it is impossible that any activity occurred",
            "That both apps were synchronizing silently and this is always a normal behavior with no forensic value",
            "That the examiner must discard Telegram data because it can never be used together with WhatsApp"
          ],
          "es-MX": [
            "Que los participantes pudieron haber cambiado intencionalmente de canal para continuar la conversación en otra app, quizá para evitar dejar rastros en una de las plataformas",
            "Que el teléfono estuvo completamente apagado y es imposible que haya ocurrido actividad alguna",
            "Que ambas apps estaban sincronizando en silencio y esto siempre es un comportamiento normal sin valor forense",
            "Que el perito debe descartar los datos de Telegram porque nunca pueden usarse junto con WhatsApp"
          ]
        },
        "Correct Answer": {
          "en-US": "That the participants may have intentionally switched channels to continue the conversation in a different app, possibly to avoid leaving traces in one platform",
          "es-MX": "Que los participantes pudieron haber cambiado intencionalmente de canal para continuar la conversación en otra app, quizá para evitar dejar rastros en una de las plataformas"
        },
        "Explanation": [
          {
            "type": "p",
            "content": {
              "en-US": "The class mentions that sudden silences in one platform combined with peaks in another may indicate strategic switching of apps, which is a valuable behavioral clue in forensic analysis.",
              "es-MX": "La clase menciona que los silencios repentinos en una plataforma combinados con picos en otra pueden indicar cambios estratégicos de app, lo cual es una pista de comportamiento muy valiosa en análisis forense."
            }
          }
        ]
      },
      {
        "Category": "coincidencia-parcial",
        "Question Text": {
          "en-US": [
            "If cross-validation shows that dates and text content match between WhatsApp and Telegram, but multimedia hashes do NOT match for supposedly identical files, how should the examiner interpret this situation?"
          ],
          "es-MX": [
            "Si la validación cruzada muestra que las fechas y el texto coinciden entre WhatsApp y Telegram, pero los hashes de la multimedia NO coinciden para archivos supuestamente idénticos, ¿cómo debe interpretar esta situación el perito?"
          ]
        },
        "Options": {
          "en-US": [
            "There is partial consistency at the message level, but the mismatch in hashes suggests that at least one of the multimedia versions was edited, recompressed or replaced and requires deeper analysis",
            "The mismatch in hashes automatically invalidates all of the text messages, which must be discarded",
            "The examiner should assume that the hash tools are broken and repeat the entire acquisition from scratch without documenting anything",
            "It proves that users never sent any real multimedia files and all references are fabricated"
          ],
          "es-MX": [
            "Que existe consistencia parcial a nivel de mensajes, pero la diferencia de hashes sugiere que al menos una de las versiones multimedia fue editada, recomprimida o sustituida y requiere un análisis más profundo",
            "Que la diferencia de hashes invalida automáticamente todos los mensajes de texto, que deben desecharse",
            "Que el perito debe asumir que las herramientas de hash están dañadas y repetir toda la adquisición desde cero sin documentar nada",
            "Que demuestra que los usuarios nunca enviaron archivos multimedia reales y que todas las referencias son inventadas"
          ]
        },
        "Correct Answer": {
          "en-US": "There is partial consistency at the message level, but the mismatch in hashes suggests that at least one of the multimedia versions was edited, recompressed or replaced and requires deeper analysis",
          "es-MX": "Que existe consistencia parcial a nivel de mensajes, pero la diferencia de hashes sugiere que al menos una de las versiones multimedia fue editada, recomprimida o sustituida y requiere un análisis más profundo"
        },
        "Explanation": [
          {
            "type": "ul",
            "items": {
              "en-US": [
                "Cross-validation may reveal areas that match and areas that conflict.",
                "Matching text + non-matching hashes is a red flag for possible multimedia manipulation.",
                "The examiner must document and investigate this discrepancy instead of ignoring it."
              ],
              "es-MX": [
                "La validación cruzada puede mostrar zonas que coinciden y zonas que entran en conflicto.",
                "Texto coincidente + hashes distintos es una señal de posible manipulación multimedia.",
                "El perito debe documentar e investigar esta discrepancia, no ignorarla."
              ]
            }
          }
        ]
      },
      {
        "Category": "rol-de-metadatos",
        "Question Text": {
          "en-US": [
            "What specific role do metadata (EXIF, device logs, cloud sync times) play in cross-validating conversations from WhatsApp and Telegram?"
          ],
          "es-MX": [
            "¿Qué papel específico juegan los metadatos (EXIF, logs de dispositivo, tiempos de sincronización en la nube) en la validación cruzada de conversaciones de WhatsApp y Telegram?"
          ]
        },
        "Options": {
          "en-US": [
            "They provide independent technical references for time, location and device activity that can confirm or contradict what the chats alone appear to show",
            "They only serve as decorative information and do not have evidentiary value in court",
            "They are used exclusively to improve app performance and should never be examined by forensic analysts",
            "They completely replace the need to review the content of conversations or files"
          ],
          "es-MX": [
            "Aportan referencias técnicas independientes de tiempo, ubicación y actividad del dispositivo que pueden confirmar o contradecir lo que aparentan mostrar solo los chats",
            "Sirven únicamente como información decorativa y no tienen valor probatorio en juicio",
            "Se usan exclusivamente para mejorar el rendimiento de las apps y nunca deben ser revisados por peritos",
            "Sustituyen por completo la necesidad de revisar el contenido de las conversaciones o de los archivos"
          ]
        },
        "Correct Answer": {
          "en-US": "They provide independent technical references for time, location and device activity that can confirm or contradict what the chats alone appear to show",
          "es-MX": "Aportan referencias técnicas independientes de tiempo, ubicación y actividad del dispositivo que pueden confirmar o contradecir lo que aparentan mostrar solo los chats"
        },
        "Explanation": [
          {
            "type": "p",
            "content": {
              "en-US": "The class highlights that metadata are powerful because they give external anchors (time, place, device status) that can verify or challenge the narrative suggested by messages in different apps.",
              "es-MX": "La clase destaca que los metadatos son poderosos porque dan anclas externas (tiempo, lugar, estado del dispositivo) que pueden verificar o cuestionar la narrativa que sugieren los mensajes en distintas apps."
            }
          }
        ]
      },
      {
        "Category": "cuando-es-util",
        "Question Text": {
          "en-US": [
            "In which of the following scenarios would cross-validation between WhatsApp and Telegram be MOST justified and useful?"
          ],
          "es-MX": [
            "¿En cuál de los siguientes escenarios estaría MÁS justificada y sería más útil la validación cruzada entre WhatsApp y Telegram?"
          ]
        },
        "Options": {
          "en-US": [
            "When there is suspicion that relevant conversations were partially deleted or moved from one app to another to hide coordination or planning",
            "When the case only involves a single offline text file with no messaging apps at all",
            "When the only evidence is a printed screenshot with no access to the underlying device or backups",
            "When all the communication is known to have taken place exclusively in a landline phone call with no digital record"
          ],
          "es-MX": [
            "Cuando existe sospecha de que conversaciones relevantes se borraron parcialmente o se trasladaron de una app a otra para ocultar coordinación o planeación",
            "Cuando el caso solo involucra un archivo de texto sin conexión, sin ninguna app de mensajería",
            "Cuando la única evidencia es una captura impresa sin acceso al dispositivo ni a respaldos",
            "Cuando se sabe que toda la comunicación ocurrió exclusivamente por teléfono fijo sin registro digital"
          ]
        },
        "Correct Answer": {
          "en-US": "When there is suspicion that relevant conversations were partially deleted or moved from one app to another to hide coordination or planning",
          "es-MX": "Cuando existe sospecha de que conversaciones relevantes se borraron parcialmente o se trasladaron de una app a otra para ocultar coordinación o planeación"
        },
        "Explanation": [
          {
            "type": "ul",
            "items": {
              "en-US": [
                "Cross-validation is especially valuable when there is a risk of concealment or selective deletion.",
                "Comparing apps can reveal conversation fragments that survived in one platform but not the other.",
                "This aligns exactly with the objectives described in the class for strengthening evidence."
              ],
              "es-MX": [
                "La validación cruzada es especialmente valiosa cuando existe riesgo de ocultamiento o borrado selectivo.",
                "Comparar apps puede revelar fragmentos de conversación que sobrevivieron en una plataforma pero no en la otra.",
                "Esto encaja exactamente con los objetivos descritos en la clase para robustecer la evidencia."
              ]
            }
          }
        ]
      }
      

    ]
  }
  